date,ndvi,temp_short,temp_long,precip_mm,evap_mm,water_energy,water_balance
2021-02-14,0.02392645485729225,-7.4314830144246,3.213037321302636,817.479624717862,0.11474088601329747,-854.0788521178079,817.3648838318486
2021-02-19,0.12589219111012429,-5.058660570780404,2.3835537062751087,648.8108219139331,100.98750735678729,-384.96022553804124,547.8233145571457
2021-02-24,0.22785792736295632,-2.6858381271362077,1.5540700912475813,480.14201911000424,201.8602738275613,-68.12888567627782,278.28174528244296
2021-03-01,0.3298236636157884,-0.3130156834920115,0.724586476220054,311.4732163060754,302.7330402983353,96.41516746748255,8.740176007740104
2021-03-06,0.4317893998686204,2.059806760152185,-0.10489713880747331,142.80441350214656,403.6058067691093,108.67193389323982,-260.8013932669627
2021-03-11,0.4411170643855156,3.6411728223164914,2.532131608327262,193.5447618284761,522.2864909366906,575.9404560998582,-328.7417291082145
2021-03-16,0.45044472890241083,5.222538884480798,5.169160355461997,244.2851101548057,640.9671751042719,1267.9647387783937,-396.68206494946617
2021-03-21,0.45977239341930604,6.803904946645105,7.806189102596733,295.0254584811353,759.6478592718531,2184.7447819288464,-464.62240079071785
2021-03-26,0.46910005793620124,8.385271008809411,10.443217849731468,345.7658068074648,878.3285434394344,3326.280585551215,-532.5627366319695
2021-03-31,0.5298179789503379,11.385123507181845,4.712951066758933,729.5766674721993,955.8296657153679,5385.603666798969,-226.25299824316858
2021-04-05,0.5567044430725344,12.33260768254602,5.79537459479441,740.6276972340925,1041.9132913441133,6228.877295977143,-301.28559411002084
2021-04-10,0.583590907194731,13.280091857910193,6.877798122829887,751.6787269959855,1127.9969169728586,7094.881739359965,-376.3181899768731
2021-04-15,0.6104773713169275,14.227576033274367,7.960221650865364,762.7297567578786,1214.080542601604,7983.616996947439,-451.3507858437255
2021-04-20,0.637363835439124,15.175060208638541,9.042645178900841,773.7807865197717,1300.1641682303493,8895.083068739561,-526.3833817105776
2021-04-25,0.6642502995613205,16.122544384002715,10.125068706936318,784.8318162816647,1386.2477938590948,9829.279954736334,-601.4159775774301
2021-04-30,0.6911367636835171,17.07002855936689,11.207492234971795,795.8828460435578,1472.33141948784,10786.207654937756,-676.4485734442823
2021-05-05,0.7180232278057136,18.017512734731064,12.289915763007272,806.9338758054508,1558.4150451165856,11765.866169343828,-751.4811693111347
2021-05-10,0.7449096919279101,18.964996910095238,13.37233929104275,817.984905567344,1644.4986707453309,12768.255497954551,-826.5137651779869
2021-05-15,0.7480578518942819,19.034509330325676,13.980734690913446,817.3005500968791,1701.9237962941752,13078.643270785004,-884.6232461972961
2021-05-20,0.7512060118606537,19.104021750556115,14.589130090784144,816.6161946264142,1759.3489218430193,13388.493356187288,-942.7327272166051
2021-05-25,0.7543541718270255,19.173534170786553,15.19752549065484,815.9318391559493,1816.7740473918636,13697.805754161403,-1000.8422082359143
2021-05-30,0.7575023317933972,19.24304659101699,15.805920890525536,815.2474836854846,1874.199172940708,14006.580464707351,-1058.9516892552233
2021-06-04,0.7606504917597691,19.31255901124743,16.414316290396233,814.5631282150197,1931.624298489552,14314.81748782513,-1117.0611702745323
2021-06-09,0.7637986517261408,19.38207143147787,17.02271169026693,813.8787727445548,1989.0494240383964,14622.51682351474,-1175.1706512938417
2021-06-14,0.7219398558842207,19.139955774943076,23.761194695366783,19.35439322961933,2267.570442205076,424.1069956301128,-2248.2160489754565
2021-06-19,0.6680155188622416,26.446652348836267,21.04436836242678,1600.5352827919924,1937.0571300318902,37140.872519299824,-336.52184723989785
2021-06-24,0.6182351422866668,25.72253525143579,21.186598502265106,1545.1589657333395,1905.2386362352133,35540.15996355963,-360.0796705018738
2021-06-29,0.5684547657110919,24.99841815403531,21.328828642103435,1489.7826486746865,1873.4201424385365,33962.07514061524,-383.63749376385
2021-07-04,0.518674389135517,24.274301056634833,21.47105878194176,1434.4063316160336,1841.6016486418596,32406.61805046667,-407.19531702582594
2021-07-09,0.4688940125599422,23.550183959234353,21.613288921780086,1379.0300145573808,1809.783154845183,30873.788693113915,-430.7531402878021
2021-07-14,0.4191136359843673,22.826066861833876,21.75551906161841,1323.653697498728,1777.964661048506,29363.587068556968,-454.3109635497781
2021-07-19,0.36933325940879247,22.1019497644334,21.89774920145674,1268.277380440075,1746.1461672518292,27876.01317679583,-477.86878681175426
2021-07-24,0.3195528828332176,21.37783266703292,22.039979341295066,1212.901063381422,1714.3276734551523,26411.067017830508,-501.4266100737302
2021-07-29,0.22067225420818723,21.16655788421633,17.78203078375924,1319.323505969017,1664.5151258140402,25246.36566096714,-345.19161984502307
2021-08-03,0.2561604623333337,21.513015153672978,18.29916237725153,984.3029991877615,1690.471265540349,19277.28238126437,-706.1682663525874
2021-08-08,0.2916486704584802,21.85947242312962,18.816293970743818,649.282492406506,1716.4274052666576,13007.443243339203,-1067.1449128601516
2021-08-13,0.3271368785836267,22.205929692586267,19.33342556423611,314.26198562525036,1742.3835449929663,6436.848247191643,-1428.121559367716
2021-08-18,0.3601407288970383,20.75947365760804,18.359537272983133,241.41706051098987,1646.855865774092,4664.059755741353,-1405.4388052631023
2021-08-23,0.3931445792104499,19.313017622629815,17.385648981730156,168.5721353967294,1551.328186555218,3060.6962331054856,-1382.7560511584886
2021-08-28,0.4261484295238615,17.86656158765159,16.41176069047718,95.72721028246895,1455.8005073363438,1626.7576792840414,-1360.0732970538747
2021-09-02,0.4591522798372731,16.420105552673363,15.437872399224204,22.882285168208437,1360.2728281174695,362.2440942770188,-1337.390542949261
2021-09-07,0.46054442864479905,15.785705608791796,14.853238324765835,256.7219696860656,1278.0156023231611,3908.906534079621,-1021.2936326370955
2021-09-12,0.461936577452325,15.15130566491023,14.268604250307467,490.56165420392284,1195.758376528853,7172.837890658214,-705.1967223249301
2021-09-17,0.463328726259851,14.516905721028664,13.683970175849097,724.40133872178,1113.5011507345446,10154.038164012794,-389.0998120127646
2021-09-22,0.46472087506737697,13.882505777147097,13.099336101390728,958.2410232396372,1031.2439249402364,12852.507354143365,-73.00290170059918
2021-09-27,0.46611302387490294,13.24810583326553,12.514702026932358,1192.0807077574943,948.986699145928,15268.245461049923,243.09400861156632
2021-10-02,0.4675051726824289,12.613705889383965,11.93006795247399,1425.9203922753516,866.7294733516196,17401.252484732475,559.1909189237319
2021-10-07,0.4688973214899549,11.979305945502398,11.345433878015621,1659.7600767932088,784.4722475573113,19251.528425191013,875.2878292358974
2021-10-12,0.47028947029748086,11.344906001620831,10.760799803557251,1893.599761311066,702.215021763003,20819.07328242554,1191.384739548063
2021-10-17,0.47168161910500683,10.710506057739266,10.176165729098884,2127.439445828923,619.9577959686948,22103.887056436055,1507.4816498602281
2021-10-22,0.4730737679125328,10.0761061138577,9.591531654640514,2361.27913034678,537.7005701743865,23105.96974722256,1823.5785601723937
2021-10-27,0.4744659167200588,9.441706169976133,9.006897580182144,2595.1188148646374,455.4433443800781,23825.321354785054,2139.6754704845594
2021-11-01,0.47585806552758475,8.807306226094568,8.422263505723777,2828.9584993824947,373.1861185857698,24261.941879123544,2455.772380796725
2021-11-06,0.5184459328513897,6.9260609308879,6.291700617472372,155.19926737234042,277.611245266527,1015.8482287146852,-122.4119778941866
2021-11-11,0.5071668389707926,5.717772420247433,6.183258544074204,223.03500683875615,250.68811886377773,1337.555231338968,-27.653112025021585
2021-11-16,0.49588774509019545,4.509483909606968,6.074816470676035,290.8707463051719,223.76499246102844,1584.8626203909116,67.10575384414346
2021-11-21,0.48460865120959834,3.301195398966502,5.966374397277866,358.7064857715876,196.84186605827915,1757.7703958705163,161.86461971330846
2021-11-26,0.4733295573290012,2.092906888326036,5.857932323879697,426.5422252380033,169.91873965552986,1856.278557777781,256.62348558247345
2021-12-01,0.46205046344840406,0.8846183776855696,5.749490250481529,494.377964704419,142.99561325278057,1880.3871061127074,351.38235145163844
2021-12-06,0.45077136956780695,-0.3236701329548959,5.64104817708336,562.2137041708348,116.07248685003128,1830.096040875295,446.14121732080355
2021-12-11,0.43949227568720983,-1.5319586435953614,5.5326061036851915,630.0494436372505,89.14936044728199,1705.4053620655427,540.9000831899685
2021-12-16,0.4282131818066127,-2.7402471542358278,5.424164030287022,697.8851831036662,62.2262340445327,1506.3150696834516,635.6589490591335
2021-12-21,0.41693408792601555,-3.948535664876294,5.315721956888853,765.7209225700819,35.30310764178341,1232.8251637290214,730.4178149282985
2021-12-26,0.40565499404541844,-5.1568241755167605,5.207279883490685,833.5566620364976,8.379981239034118,884.9356442022515,825.1766807974635
2021-12-31,0.3157126133335096,-3.5604749361673953,4.218824640909844,759.9099884457904,66.3315063055979,841.3000034353855,693.5784821401925
2022-01-05,0.22577023262160073,-1.96412569681803,3.230369398329003,686.2633148550833,124.28303137216169,790.9674423060608,561.9802834829217
2022-01-10,0.13582785190969188,-0.36777645746866483,2.2419141557481623,612.6166412643761,182.23455643872546,733.937960814277,430.3820848256506
2022-01-15,0.04588547119778304,1.2285727818807004,1.2534589131673215,538.9699676736689,240.18608150528925,670.2115589600343,298.7838861683796
2022-01-20,0.11818165369374792,1.7419359313117204,2.2807147485238586,637.0227454790869,295.3013283759051,1315.581426220734,341.7214171031818
2022-01-25,0.1904778361897128,2.2552990807427404,3.307970583880395,735.075523284505,350.41657524652095,2122.090985549394,384.6589480379841
2022-01-30,0.2627740186856777,2.76866223017376,4.335226419236932,833.1283010899231,405.5318221171368,3089.740236946015,427.59647897278626
2022-02-04,0.33507020118164255,3.28202537960478,5.362482254593469,931.1810788953412,460.6470689877526,4218.5291804105955,470.5340099075886
2022-02-09,0.4073663836776074,3.7953885290358,6.389738089950006,1029.2338567007591,515.7623158583684,5508.457815943136,513.4715408423907
2022-02-14,0.47966256617357234,4.30875167846682,7.416993925306542,1127.2866345061773,570.8775627289843,6959.526143543638,556.4090717771929
2022-02-19,0.4780260076427983,2.691139793396019,4.965693975377974,851.9654626489157,466.6375321963059,3455.463122716919,385.3279304526098
2022-02-24,0.4763894491120243,1.073527908325218,2.5143940254494055,576.6442907916543,362.3975016636275,1117.564071482122,214.24678912802676
2022-03-01,0.47475289058125025,-0.5440839767455827,0.06309407552083712,301.3231189343929,258.15747113094903,-54.17101016075363,43.165647803443846
2022-03-06,0.4606682278451937,0.07910690307619461,2.9961013158162473,184.88370625053255,429.99195685843,338.20842031441447,-245.10825060789745
2022-03-11,0.4465835651091371,0.702297782897972,5.929108556111657,68.44429356667226,601.826442585911,262.71549821146226,-533.3821490192387
2022-03-16,0.093314088076893,5.681038475036644,3.2668834686279524,113.17789316856818,745.5128581495954,479.0305791696106,-632.3349649810273
2022-03-21,0.4461107068720035,5.987068748474144,7.984640163845484,0.6320319932665727,884.9949955611545,4.541536420931804,-884.362963567888
2022-03-26,0.4559089719762766,8.190224266052269,6.951279364691857,271.2107241384847,851.1077719535131,2019.6675677332375,-579.8970478150284
2022-03-31,0.47700668896730036,8.940448379516624,7.917097107569397,265.95604727471516,940.9738124559939,2214.4664363234897,-675.0177651812787
2022-04-05,0.4981044059583241,9.69067249298098,8.882914850446937,260.70137041094563,1030.8398529584747,2400.0214845026712,-770.1384825475291
2022-04-10,0.5192021229493479,10.440896606445335,9.848732593324478,255.44669354717604,1120.7058934609554,2576.3327122707815,-865.2591999137794
2022-04-15,0.5402998399403716,11.19112071990969,10.814550336202018,250.1920166834065,1210.5719339634363,2743.4001196278214,-960.3799172800298
2022-04-20,0.5613975569313954,11.941344833374046,11.780368079079558,244.93733981963697,1300.4379744659173,2901.223706573791,-1055.5006346462803
2022-04-25,0.5824952739224191,12.691568946838402,12.746185821957098,239.68266295586741,1390.304014968398,3049.8034731086896,-1150.6213520125305
2022-04-30,0.6035929909134428,13.441793060302757,13.712003564834639,234.42798609209785,1480.1700554708787,3189.1394192325174,-1245.7420693787808
2022-05-05,0.6246907079044666,14.192017173767113,14.677821307712179,229.17330922832832,1570.0360959733596,3319.231544945275,-1340.8627867450314
2022-05-10,0.6264691190533551,20.09112669626876,16.131091266208273,138.34622412578682,2031.9543516025972,2450.8179473696523,-1893.6081274768103
2022-05-15,0.6198502390878651,16.564173952738486,16.829845894707603,273.56696122375547,1852.324680317942,4575.018172940489,-1578.7577190941865
2022-05-20,0.6041138915078804,17.12757458459767,17.30640903049048,304.7630572434733,1857.1595292719712,5252.553273050038,-1552.396472028498
2022-05-25,0.5883775439278958,17.690975216456852,17.782972166273364,335.9591532631912,1861.9943782260004,5961.989384538833,-1526.0352249628093
2022-05-30,0.5726411963479112,18.254375848316037,18.259535302056243,367.15524928290904,1866.8292271800296,6703.326507406878,-1499.6739778971205
2022-06-04,0.5569048487679266,18.81777648017522,18.736098437839125,398.3513453026269,1871.664076134059,7476.5646416541695,-1473.3127308314322
2022-06-09,0.5411685011879419,19.381177112034404,19.212661573622004,429.54744132234475,1876.4989250880883,8281.703787280709,-1446.9514837657434
2022-06-14,0.5254321536079573,19.944577743893586,19.689224709404883,460.7435373420626,1881.3337740421175,9118.743944286496,-1420.590236700055
2022-06-19,0.5096958060279726,20.50797837575277,20.165787845187765,491.93963336178047,1886.1686229961467,9987.685112671532,-1394.2289896343664
2022-06-24,0.4625848748789551,23.743872578938806,24.087350040011984,1001.9713911548278,1745.8885816386994,23997.173793023387,-743.9171904838717
2022-06-29,0.43646660043962465,24.57196718851726,24.19178076850047,949.9997955319108,1679.1342433569407,23126.65759214026,-729.13444782503
2022-07-04,0.4103483260002942,25.400061798095713,24.296211496988963,898.0281999089937,1612.379905075182,22215.19855479797,-714.3517051661884
2022-07-09,0.3842300515609637,26.22815640767417,24.40064222547745,846.0566042860767,1545.6255667934233,21262.796680996533,-699.5689625073467
2022-07-14,0.3581117771216332,27.056251017252624,24.505072953965943,794.0850086631597,1478.8712285116646,20269.451970735936,-684.786219848505
2022-07-19,0.33199350268230277,27.884345626831077,24.60950368245443,742.1134130402426,1412.116890229906,19235.16442401618,-670.0034771896634
2022-07-24,0.3177160571662623,23.764457003275595,19.520872794257286,387.7791204339871,1278.8586962098418,8228.0162230851,-891.0795757758547
2022-07-29,0.3666104486815789,24.38889560699465,19.927272203233514,383.8440515137277,1694.2314116869752,8333.991939557294,-1310.3873601732475
2022-08-03,0.41550484019689543,25.013334210713708,20.33367161220974,379.90898259346835,2109.6041271641084,8436.082837255635,-1729.69514457064
2022-08-08,0.4831188750807325,19.944723065694177,20.492746183607323,152.79046283261223,1197.3127002334772,3097.6030917730477,-1044.522237400865
2022-08-13,0.47768191555149003,22.634096240997337,19.003140597873283,6182.097599557396,1184.486711177491,126458.03874034688,4997.610888379905
2022-08-18,0.4722449560222476,25.323469416300497,17.513535012139243,12211.40473628218,1171.6607221215052,252012.9723854921,11039.744014160675
2022-08-23,0.46775178570659565,23.650154527028434,17.1580740504795,9857.891131599212,1150.1935632941063,194741.71503970437,8707.697568305106
2022-08-28,0.4632586153909437,21.97683963775637,16.802613088819754,7504.377526916243,1128.7264044667074,141624.8918304129,6375.651122449536
2022-09-02,0.45876544507529177,20.303524748484307,16.44715212716001,5150.863922233275,1107.2592456393086,92662.50275761762,4043.6046765939664
2022-09-07,0.4542722747596398,18.630209859212243,16.091691165500265,2797.3503175503065,1085.7920868119097,47854.54782131857,1711.5582307383968
2022-09-12,0.4779586864953675,15.844609514872237,14.529402598628337,1983.2338502477378,951.753611666123,29858.54820802705,1031.4802385816147
2022-09-17,0.5016450982310952,13.059009170532232,12.96711403175641,1169.1173829451693,817.7151365203363,15203.052902819001,351.40224642483304
2022-09-22,0.5253315099668229,10.273408826192224,11.404825464884482,355.00091564260094,683.6766613745496,3888.061905694429,-328.6757457319486
2022-09-27,0.510557062503195,11.290260887146,11.180040260597556,243.5363139655321,647.3309055116831,2733.4828850972035,-403.794591546151
2022-10-02,0.49578261503956716,12.307112948099777,10.955255056310628,132.07171228846326,610.9851496488167,1518.2961684594932,-478.91343736035344
2022-10-07,0.48100816757593934,13.323965009053552,10.730469852023703,20.60711061139442,574.6393937859502,242.501755781297,-554.0322831745558
2022-10-12,0.5016849272248116,10.526862398783408,14.424266433715843,389.80894552812197,462.8701624346386,5015.010905681824,-73.06121690651662
2022-10-17,0.4855534453285531,14.604946390787802,9.667050933837913,1069.7948337698356,537.3839231609713,12454.775166625841,532.4109106088642
2022-10-22,0.5146382717018637,13.06454723676049,9.803184551662895,825.1355687404064,485.935628761688,9165.382802118203,339.19993997871836
2022-10-27,0.5437230980751743,11.524148082733177,9.939318169487876,580.476303710977,434.4873343624046,6137.521156452155,145.98896934857243
2022-11-01,0.5728079244484849,9.983748928705865,10.075451787312858,335.81703868154773,383.03903996312124,3371.190229627695,-47.22200128157351
2022-11-06,0.6018927508217955,8.443349774678552,10.21158540513784,91.15777365211852,331.5907455638379,866.3900216448246,-240.4329719117194
2022-11-11,0.5952603005767986,8.035138066609704,9.935824821427586,94.63157917035761,319.05667234600924,868.2967975650895,-224.42509317565163
2022-11-16,0.5886278503318016,7.626926358540857,9.660064237717332,98.1053846885967,306.5225991281806,867.9196086531886,-208.41721443958392
2022-11-21,0.5819954000868047,7.218714650472009,9.38430365400708,101.57919020683579,293.98852591035194,865.2584549091213,-192.40933570351615
2022-11-26,0.5753629498418079,6.810502942403161,9.108543070296827,105.05299572507488,281.4544526925233,860.3133363328881,-176.40145696744844
2022-12-01,0.568730499596811,6.402291234334314,8.832782486586574,108.52680124331397,268.92037947469464,853.0842529244885,-160.39357823138067
2022-12-06,0.5620980493518141,5.994079526265466,8.55702190287632,112.00060676155306,256.386306256866,843.5712046839229,-144.38569949531296
2022-12-11,0.5554655991068171,5.585867818196618,8.281261319166067,115.47441227979213,243.85223303903734,831.7741916111912,-128.3778207592452
2022-12-16,0.5488331488618202,5.177656110127771,8.005500735455813,118.94821779803122,231.31815982120872,817.6932137062936,-112.3699420231775
2022-12-21,0.5422006986168233,4.769444402058923,7.729740151745561,122.42202331627031,218.78408660338005,801.3282709692298,-96.36206328710973
2022-12-26,0.5355682483718265,4.361232693990075,7.453979568035307,125.8958288345094,206.25001338555143,782.6793633999999,-80.35418455104202
2022-12-31,0.5289357981268296,3.9530209859212277,7.178218984325055,129.3696343527485,193.71594016772275,761.7464909986039,-64.34630581497424
2023-01-05,0.5223033478818326,3.54480927785238,6.902458400614801,132.8434398709876,181.1818669498941,738.5296537650419,-48.338427078906506
2023-01-10,0.5156708976368357,3.1365975697835324,6.626697816904548,136.31724538922668,168.64779373206545,713.0288516993137,-32.33054834283877
2023-01-15,0.5090384473918388,2.728385861714685,6.350937233194294,139.79105090746575,156.1137205142368,685.2440848014191,-16.322669606771058
2023-01-20,0.5024059971468419,2.320174153645837,6.075176649484042,143.26485642570483,143.57964729640815,655.1753530713588,-0.31479087070331957
2023-01-25,0.495773546901845,1.9119624455769895,5.799416065773788,146.73866194394392,131.0455740785795,622.8226565091323,15.693087865364419
2023-01-30,0.4891410966568481,1.5037507375081418,5.523655482063535,150.212467462183,118.51150086075086,588.1859951147399,31.700966601432157
2023-02-04,0.4825086464118512,1.0955390294392942,5.247894898353282,153.6862729804221,105.97742764292221,551.2653688881812,47.708845337499895
2023-02-09,0.4758761961668543,0.6873273213704465,4.972134314643029,157.1600784986612,93.44335442509356,512.0607778294564,63.71672407356763
2023-02-14,0.47826296122182443,0.6791790485382165,3.9556461334228743,235.65405250465577,129.87287583824832,623.3189430350017,105.78117666640745
2023-02-19,0.48064972627679464,0.6710307757059866,2.93915795220272,314.1480265106503,166.30239725140308,638.3195997389216,147.84562925924723
2023-02-24,0.48303649133176485,0.6628825028737566,1.9226697709825658,392.6420005166449,202.7319186645578,557.0627479412163,189.91008185208707
2023-03-01,0.485423256386735,0.6547342300415266,0.9061815897624115,471.13597452263946,239.16144007771257,379.54838764188554,231.9745344449269
2023-03-06,0.4901084925395138,2.0086181852552913,3.559487703111472,533.7705100321446,392.3635977332547,1568.8262013271933,141.40691229888984
2023-03-11,0.4947937286922925,3.3625021404690565,6.2127938164605325,596.4050455416498,545.5657553887969,3025.3702443163493,50.83929015285287
2023-03-16,0.49947896484507126,4.716386095682822,8.866099929809593,659.0395810511549,698.767913044339,4749.180516609352,-39.728331993184156
2023-03-21,0.4858718758777448,5.347971343994175,8.884658432006859,906.3272248308507,689.9544757361725,6770.249502821338,216.37274909467817
2023-03-26,0.47226478691041834,5.979556592305528,8.903216934204124,1153.6148686105466,681.1410384280059,8921.772217290598,472.4738301825407
2023-03-31,0.45865769794309186,6.611141840616881,8.92177543640139,1400.9025123902425,672.3276011198394,11203.748660017132,728.574911270403
2023-04-05,0.4450506089757654,7.242727088928234,8.940333938598656,1648.1901561699383,663.5141638116728,13616.178831000936,984.6759923582655
2023-04-10,0.43144352000843894,7.874312337239587,8.958892440795921,1895.4777999496341,654.7007265035063,16159.062730242018,1240.7770734461278
2023-04-15,0.4493213511851631,8.677235857645684,9.444648573133705,1515.6448131925117,870.8004495020564,13849.4825815732,644.8443636904553
2023-04-20,0.4671991823618873,9.48015937805178,9.930404705471489,1135.8118264353893,1086.9001725006065,11074.51351869193,48.91165393478286
2023-04-25,0.48507701353861143,10.283082898457877,10.416160837809272,755.9788396782667,1302.9998954991563,7834.155541598206,-547.0210558208896
2023-04-30,0.5029548447153356,11.086006418863974,10.901916970147056,376.1458529211443,1519.0996184977064,4128.408650292029,-1142.953765576562
2023-05-05,0.6197766642489471,11.494923528035486,9.87992884318038,849.1110762742215,1467.5795872211818,8937.680963559424,-618.4685109469602
2023-05-10,0.6307801857830979,14.059976196289085,13.6077353583442,386.3536379042275,1776.6284530562368,5327.288016513823,-1390.2748151520093
2023-05-15,0.4422841292242805,14.146345286899171,14.16227641635472,259.6802780044189,1837.3602116853303,3676.009076924045,-1577.6799336809115
2023-05-20,0.2537880726654631,14.232714377509259,14.716817474365238,133.00691810461024,1898.091970314424,1931.6829121903095,-1765.085052209814
2023-05-25,0.06529201610664574,14.319083468119345,15.271358532375757,6.33355820480161,1958.8237289435176,94.30952231261581,-1952.490170738716
2023-05-30,0.6757028302183179,16.758805211385095,14.847409396701437,45.86980547104039,2102.684682771545,716.1179224546715,-2056.8148773005046
2023-06-04,0.6604584829018092,18.102690315246605,20.079147805107993,672.1640546345012,1797.846823364642,12965.079930207667,-1125.6827687301407
2023-06-09,0.6285785286365959,18.43017481697932,20.236761735986807,682.5814953545545,1814.7195245362238,13319.981966618077,-1132.1380291816695
2023-06-14,0.5966985743713827,18.75765931871204,20.394375666865624,692.9989360746077,1831.5922257078055,13679.583563873219,-1138.5932896331979
2023-06-19,0.5648186201061696,19.085143820444756,20.551989597744438,703.416376794661,1848.4649268793873,14043.88472197309,-1145.0485500847262
2023-06-24,0.5329386658409563,19.412628322177472,20.70960352862325,713.8338175147143,1865.3376280509692,14412.885440917695,-1151.503810536255
2023-06-29,0.501058711575743,19.74011282391019,20.86721745950207,724.2512582347675,1882.2103292225509,14786.58572070703,-1157.9590709877834
2023-07-04,0.4691787573105298,20.067597325642907,21.024831390380882,734.6686989548208,1899.0830303941327,15164.985561341095,-1164.4143314393118
2023-07-09,0.4738613894423409,23.459784762064658,22.145906278822167,1785.1843965421383,1780.68912500406,40472.7324831327,4.495271538078214
2023-07-14,0.4500120309689096,21.652048524220817,21.280344369676385,1211.9754921924173,1671.8241313561412,25971.454371724274,-459.8486391637239
2023-07-19,0.4261626724954784,19.844312286376976,20.414782460530603,638.766587842696,1562.9591377082224,12894.52201922001,-924.1925498655264
2023-07-24,0.43065356419947365,20.432541783650738,20.839537345038526,585.0304093773616,1572.1446210541305,12096.52115224533,-987.114211676769
2023-07-29,0.4351444559034689,21.020771280924503,21.264292229546452,531.2942309120272,1581.3301044000384,11245.843275941861,-1050.0358734880112
2023-08-03,0.43963534760746414,21.609000778198265,21.689047114054375,477.55805244669284,1590.5155877459465,10342.488390309605,-1112.9575352992538
2023-08-08,0.44412623931145945,22.197230275472027,22.113801998562298,423.8218739813584,1599.7010710918546,9386.456495348555,-1175.879197110496
2023-08-13,0.4486171310154547,22.785459772745792,22.538556883070225,370.085695516024,1608.8865544377625,8377.747591058718,-1238.8008589217384
2023-08-18,0.45310802271944994,23.373689270019554,22.963311767578148,316.3495170506896,1618.0720377836706,7316.361677440091,-1301.722520732981
2023-08-23,0.5088305498217597,22.19930483500167,21.41951035393612,947.878776655705,1403.2479007568613,20598.759526355258,-455.36912410115633
2023-08-28,0.5249092634582003,21.452339956495525,21.512486252961367,632.0373332809803,1384.702594839706,13581.488561635435,-752.6652615587258
2023-09-02,0.5409879770946409,20.705375077989384,21.605462151986615,316.1958899062556,1366.157288922551,6717.716798641057,-1049.9613990162954
2023-09-07,0.5570666907310815,19.95841019948324,21.698438051011863,0.3544465315309365,1347.6119830053958,7.444237372123426,-1347.2575364738648
2023-09-12,0.5055453434714963,21.300613975524925,18.076527743869406,310.88403380931044,979.0395856195806,6020.6306354984745,-668.1555518102703
2023-09-17,0.5731158596946032,20.983865356445335,19.29117842780221,717.1069466320681,1042.467038471288,14319.37308129696,-325.36009183922
2023-09-22,0.5557845149659686,20.18037598927819,18.294593853420707,503.5778259692194,969.6275632481509,9592.607026986114,-466.04973727893145
2023-09-27,0.5384531702373341,19.376886622111044,17.298009279039206,290.0487053063707,896.7880880250137,5258.455468502396,-606.739382718643
2023-10-02,0.5112173726566609,18.397291755676292,14.851516342163109,424.1019197309585,739.3977828278188,6900.064655549387,-315.2958630968603
2023-10-07,0.5006865720257122,17.277266009648663,14.135808987087696,431.20857762644494,707.6048651351775,6637.331372670451,-276.3962875087326
2023-10-12,0.4901557713947635,16.157240263621038,13.420101632012285,438.3152355219313,675.8119474425364,6362.126833151624,-237.4967119206051
2023-10-17,0.47962497076381483,15.037214517593409,12.704394276936872,445.4218934174177,644.0190297498953,6074.451036992909,-198.59713633247753
2023-10-22,0.4690941701328662,13.917188771565781,11.988686921861461,452.5285513129041,612.226112057254,5774.303984194304,-159.69756074434991
2023-10-27,0.4585633695019175,12.797163025538154,11.272979566786049,459.6352092083905,580.4331943646127,5461.6856747558095,-120.79798515622224
2023-11-01,0.4480325688709688,11.677137279510525,10.557272211710636,466.74186710387687,548.6402766719716,5136.596108677426,-81.89840956809473
2023-11-06,0.43750176824002013,10.557111533482898,9.841564856635223,473.8485249993633,516.8473589793305,4799.035285959153,-42.99883397996717
2023-11-11,0.4269709676090715,9.43708578745527,9.125857501559812,480.95518289484966,485.0544412866892,4449.003206600989,-4.099258391839555
2023-11-16,0.4164401669781228,8.317060041427643,8.410150146484401,488.0618407903361,453.261523594048,4086.499870602937,34.80031719628806
2023-11-21,0.4059093663471741,7.197034295400016,7.694442791408989,495.16849868582244,421.4686059014068,3711.525277964995,73.69989278441562
2023-11-26,0.3953785657162254,6.077008549372387,6.978735436333576,502.27515658130886,389.6756882087656,3324.079428687164,112.59946837254324
2023-12-01,0.38484776508527674,4.95698280334476,6.263028081258163,509.3818144767953,357.8827705161244,2924.162322769444,151.49904396067086
2023-12-06,0.37431696445432805,3.8369570573171323,5.547320726182752,516.4884723722816,326.0898528234832,2511.7739602118327,190.39861954879842
2023-12-11,0.36378616382337936,2.7169313112895033,4.8316133711073395,523.595130267768,294.29693513084203,2086.9143410143333,229.29819513692598
2023-12-16,0.3532553631924307,1.5969055652618778,4.1159060160319285,530.7017881632545,262.50401743820083,1649.5834651769437,268.19777072505366
2023-12-21,0.34272456256148204,0.4768798192342487,3.400198660956516,537.8084460587409,230.71109974555964,1199.7813326996652,307.0973463131812
2023-12-26,0.33219376193053335,-0.6431459267933803,2.684491305881103,544.9151039542272,198.9181820529185,737.5079435824973,345.9969219013087
2023-12-31,0.3216629612995847,-1.7631716728210058,1.9687839508056921,552.0217618497136,167.12526436027724,262.76329782543894,384.89649748943634
2024-01-05,0.311132160668636,-2.883197418848635,1.2530765957302794,559.1284197452001,135.332346667636,-224.45260457150883,423.7960730775641
2024-01-10,0.30060136003768734,-4.00322316487626,0.5373692406548685,566.2350776406864,103.53942897499483,-724.1397636083451,462.6956486656916
2024-01-15,0.16973972676431615,-2.622296714782692,3.1468166139391087,602.7279652738491,257.6779136068972,505.79199958755544,345.0500516669519
2024-01-20,0.038878093490944926,-1.2413702646891238,5.756263987223349,639.2208529070119,411.81639823879965,1890.3104815352947,227.40445466821228
2024-01-25,0.21780641042165708,1.7869295438130735,6.024343215094717,697.5021328082432,368.4665306377699,3019.7502119735286,329.03560217047334
2024-01-30,0.39673472735236925,4.815229352315271,6.292422442966085,755.7834127094744,325.11666303674014,4309.133294041425,430.6667496727343
2024-02-04,0.402455373024427,4.891686185201013,6.1996979607476534,810.8470105523606,320.0877601709947,4602.767582612088,490.7592503813659
2024-02-09,0.4081760186964848,4.968143018086755,6.106973478529222,865.910608395247,315.0588573052493,4893.642969502562,550.8517510899976
2024-02-14,0.4138966643685425,5.044599850972498,6.014248996310789,920.9742062381332,310.02995443950385,5181.759454712846,610.9442517986294
2024-02-19,0.41961731004060027,5.12105668385824,5.921524514092357,976.0378040810194,305.00105157375845,5467.117038242938,671.036752507261
2024-02-24,0.42533795571265803,5.197513516743982,5.828800031873925,1031.1014019239058,299.97214870801304,5749.715720092842,731.1292532158927
2024-02-29,0.4382682961953049,6.11718598824961,6.866664198887211,935.0432488104273,407.98685147045563,6140.310184622856,527.0563973399717
2024-03-05,0.45119863667795174,7.036858459755239,7.904528365900496,838.9850956969486,516.0015542328982,6340.596639808011,322.9835414640504
2024-03-10,0.4641289771605986,7.9565309312608665,8.94239253291378,742.9269425834701,624.0162569953409,6350.575085648309,118.91068558812924
2024-03-15,0.4770593176432455,8.876203402766496,9.980256699927066,646.8687894699915,732.0309597577834,6170.2455221437485,-85.16217028779192
2024-03-20,0.48998965812589235,9.795875874272124,11.018120866940352,550.810636356513,840.0456625202261,5799.607949294332,-289.2350261637131
2024-03-25,0.5029199986085392,10.715548345777751,12.055985033953636,454.7524832430345,948.0603652826687,5238.662367100056,-493.30788203963425
2024-03-30,0.515850339091186,11.63522081728338,13.093849200966922,358.69433012955585,1056.0750680451113,4487.4087755609235,-697.3807379155554
2024-04-04,0.5287806795738329,12.55489328878901,14.131713367980208,262.63617701607734,1164.089770807554,3545.8471746769333,-901.4535937914767
2024-04-09,0.5417110200564798,13.474565760294638,15.169577534993493,166.5780239025988,1272.1044735699966,2413.977564448085,-1105.5264496673979
2024-04-14,0.548379150695318,13.625105476379437,15.080230613991072,157.8383949211366,1345.5193444718973,2288.369548700931,-1187.6809495507607
2024-04-19,0.5550472813341562,13.775645192464234,14.990883692988652,149.0987659396744,1418.934215373798,2162.646034669569,-1269.8354494341236
2024-04-24,0.5617154119729943,13.926184908549033,14.90153677198623,140.35913695821216,1492.3490862756987,2036.8070223539983,-1351.9899493174867
2024-04-29,0.5683835426118327,14.076724624633831,14.812189850983808,131.61950797674996,1565.7639571775994,1910.8525117542204,-1434.1444492008495
2024-05-04,0.5750516732506709,14.227264340718628,14.722842929981388,122.87987899528775,1639.1788280795001,1784.7825028702346,-1516.2989490842124
2024-05-09,0.5817198038895091,14.377804056803427,14.633496008978966,114.14025001382555,1712.5936989814008,1658.5969957020407,-1598.4534489675752
2024-05-14,0.5682349246455272,17.800035730997763,16.83144679599343,334.67126966634345,1952.1853666748013,5762.665225001687,-1617.5140970084578
2024-05-19,0.5570195949834704,18.069543457031283,16.574491882324264,278.17006652618625,1905.9823863016552,4776.8789479424,-1627.812319775469
2024-05-24,0.5458042653214138,18.339051183064804,16.317536968655098,221.668863386029,1859.7794059285093,3796.3325763920425,-1638.1105425424803
2024-05-29,0.5345889356593571,18.608558909098328,16.060582054985936,165.1676602458718,1813.5764255553631,2821.0261103506145,-1648.4087653094914
2024-06-03,0.5233736059973004,18.878066635131848,15.80362714131677,108.66645710571456,1767.3734451822172,1850.9595498181147,-1658.7069880765027
2024-06-08,0.5121582763352437,19.14757436116537,15.546672227647605,52.16525396555733,1721.170464809071,886.132894794544,-1669.0052108435136
2024-06-13,0.5172424717413402,19.312390630673143,16.235635865040347,50.99346623550897,1722.0512132762988,890.6691053984495,-1671.0577470407898
2024-06-18,0.5223266671474367,19.477206900180917,16.92459950243309,49.8216785054606,1722.9319617435265,894.0820292924021,-1673.110283238066
2024-06-23,0.5274108625535332,19.64202316968869,17.613563139825832,48.64989077541224,1723.8127102107542,896.371666476402,-1675.162819435342
2024-06-28,0.5324950579596298,19.80683943919647,18.302526777218574,47.47810304536387,1724.6934586779817,897.5380169504492,-1677.2153556326177
2024-07-03,0.5375792533657263,19.971655708704244,18.991490414611317,46.30631531531551,1725.5742071452094,897.5810807145434,-1679.2678918298939
2024-07-08,0.5426634487718228,20.13647197821202,19.68045405200406,45.13452758526714,1726.454955612437,896.5008577686848,-1681.32042802717
2024-07-13,0.5477476441779193,20.301288247719793,20.369417689396805,43.96273985521878,1727.3357040796648,894.2973481128735,-1683.372964224446
2024-07-18,0.5528318395840158,20.466104517227567,21.058381326789544,42.79095212517041,1728.2164525468925,890.9705517471092,-1685.425500421722
2024-07-23,0.5579160349901123,20.63092078673534,21.74734496418229,41.61916439512205,1729.0972010141202,886.5204686713923,-1687.4780366189982
2024-07-28,0.563000230396209,20.79573705624312,22.43630860157503,40.44737666507368,1729.9779494813477,880.9470988857224,-1689.530572816274
2024-08-02,0.5680844258023054,20.960553325750894,23.125272238967774,39.27558893502532,1730.8586979485754,874.2504423900998,-1691.58310901355
2024-08-07,0.573168621208402,21.125369595258668,23.814235876360517,38.10380120497695,1731.739446415803,866.4304991845244,-1693.6356452108262
2024-08-12,0.5782528166144985,21.290185864766443,24.50319951375326,36.93201347492859,1732.6201948830308,857.487269268996,-1695.688181408102
2024-08-17,0.46655241920787666,23.477018292744958,18.859858661227804,5072.239431848337,1176.6349918405326,105029.45443901396,3895.604440007804
2024-08-22,0.47908860983844825,23.440890645980843,18.82837135526873,4295.978699707812,1182.1214159460985,88812.39614237945,3113.857283761713
2024-08-27,0.4916248004690199,23.40476299921673,18.796884049309654,3519.717967567288,1187.6078400516644,72647.10425557937,2332.1101275156234
2024-09-01,0.5041609910995914,23.368635352452614,18.76539674335058,2743.457235426763,1193.0942641572306,56533.57877861369,1550.3629712695324
2024-09-06,0.5166971817301631,23.3325077056885,18.733909437391503,1967.1965032862386,1198.5806882627965,40471.81971148243,768.6158150234421
2024-09-11,0.5131071273005074,20.76412364112008,17.813168674045148,1374.008075534964,1137.6443688272273,26097.291991124875,236.3637067077368
2024-09-16,0.5095170728708519,18.19573957655166,16.892427910698796,780.8196477836896,1076.708049391658,13597.000153796647,-295.8884016079685
2024-09-21,0.5059270184411963,15.62735551198324,15.97168714735244,187.63122003241506,1015.7717299560888,2970.9441994977515,-828.1405099236738
2024-09-26,0.49984823242100573,14.741330019632983,15.23037897745769,150.43917334234447,952.7902200005437,2261.816774683725,-802.3510466581993
2024-10-01,0.49376944640081527,13.855304527282726,14.489070807562939,113.2471266522739,889.8087100449986,1612.1367527335126,-776.5615833927247
2024-10-06,0.48769066038062475,12.96927903493247,13.747762637668188,76.05507996220334,826.8272000894535,1021.9041336471147,-750.7721201272502
2024-10-11,0.4816118743604343,12.083253542582213,13.006454467773438,38.86303327213275,763.8456901339083,491.11891742453116,-724.9826568617756
2024-10-16,0.47553308834024377,11.197228050231956,12.265146297878687,1.6709865820621583,700.8641801783632,19.781104065761852,-699.1931935963011
2024-10-21,0.5206573835349644,11.906341171264671,12.725829378763848,49.96437167790489,502.7245332740302,619.4599836360994,-452.7601615961253
2024-10-26,0.5657816787296849,12.615454292297386,13.186512459649009,98.25775677374763,304.5848863696972,1273.232776149667,-206.32712959594954
2024-10-31,0.4917574516976336,8.959689076741569,8.61525571611196,63.20927767406286,250.33953261799087,553.2726443656761,-187.130254943928
2024-11-05,0.41773322466558227,5.303923861185751,4.0439989725749115,28.1607985743781,196.09417886628458,128.07443690447903,-167.93338029190647
2024-11-10,0.39287328488716544,4.581818644205771,3.9037098778619113,261.1043568249599,185.33236955466003,1090.0985182077998,75.77198727029986
2024-11-15,0.36801334510874867,3.8597134272257905,3.7634207831489106,494.04791507554165,174.57056024303552,1878.3394634839856,319.47735483250614
2024-11-20,0.34315340533033184,3.1376082102458103,3.6231316884359104,726.9914733261235,163.80875093141097,2492.7972727330366,563.1827223947125
2024-11-25,0.31829346555191507,2.4155029932658296,3.4828425937229097,959.9350315767052,153.04694161978642,2933.471945954953,806.8880899569187
2024-11-30,0.29343352577349824,1.693397776285849,3.3425534990099095,1192.878589827287,142.2851323081619,3200.363483149734,1050.593457519125
2024-12-05,0.30287781240448813,1.6501336097717683,3.071987258063456,1089.1904493877016,137.8814994289047,2726.511416464882,951.3089499587969
2024-12-10,0.31232209903547803,1.6068694432576875,2.801421017117002,985.502308948116,133.4778665496475,2289.9135470262013,852.0244423984685
2024-12-15,0.3217663856664679,1.563605276743607,2.5308547761705484,881.8141685085307,129.0742336703903,1890.569874833691,752.7399348381404
2024-12-20,0.3312106722974578,1.5203411102295263,2.2602885352240945,778.1260280689452,124.67060079113308,1528.480399887352,653.4554272778121
2024-12-25,0.34065495892844777,1.4770769437154456,1.989722294277641,674.4378876293597,120.26696791187587,1203.6451221871835,554.1709197174838
2024-12-30,0.3500992455594376,1.433812777201365,1.7191560533311874,570.7497471897743,115.86333503261866,916.0640417331862,454.88641215715563
2025-01-04,0.35954353219042756,1.3905486106872842,1.4485898123847336,467.06160675018884,111.45970215336146,665.7371585253593,355.60190459682735
2025-01-09,0.36898781882141746,1.3472844441732037,1.1780235714382798,363.37346631060336,107.05606927410426,452.66447256370327,256.3173970364991
2025-01-14,0.37843210545240735,1.304020277659123,0.9074573304918263,259.6853258710179,102.65243639484704,276.84598384821817,157.03288947617085
2025-01-19,0.38787639208339725,1.2607561111450423,0.6368910895453723,155.9971854314323,98.24880351558984,138.2816923789037,57.74838191584247
2025-01-24,0.35177450997067106,0.4947752316793034,0.8050813039144012,130.06956687960357,102.54196511403492,88.57202593672109,27.527601765568647
2025-01-29,0.3156726278579448,-0.2712056477864355,0.9732715182834302,104.14194832777483,106.83512671248,49.51748147639129,-2.6931783847051776
2025-02-03,0.2795707457452186,-1.0371865272521745,1.1414617326524592,78.21432977594608,111.12828831092509,21.11805899791429,-32.913958534979
2025-02-08,0.2434688636324924,-1.8031674067179133,1.309651947021488,52.28671122411734,115.42144990937017,3.3737585012901037,-63.13473868525283
2025-02-13,0.20736698151976618,-2.569148286183652,1.477842161390517,26.359092672288597,119.71461150781525,-3.7154200134812747,-93.35551883552665
2025-02-18,0.17126509940704,-3.3351291656493913,1.646032375759546,0.43147412045984723,124.00777310626033,-0.14947654639984254,-123.57629898580048
2025-02-23,0.25558249950955675,-0.1829960717095105,4.024984543411827,0.40177692480462723,286.26934315224054,0.940878107765793,-285.86756622743593
2025-02-28,0.3398998996120735,2.9691370222303703,6.40393671106411,0.3720797291494073,448.5309131982208,1.8715673017811925,-448.1588334690714
2025-03-05,0.42421729971459027,6.121270116170251,8.782888878716392,0.3423825334941873,610.792483244201,2.6425910356463556,-610.4501007107068
2025-03-10,0.4322526922537724,6.66549522611831,8.559540155198865,27.806244483138546,609.228649817322,216.94215567467614,-581.4224053341834
2025-03-15,0.44028808479295445,7.209720336066368,8.336191431681337,55.2701064327829,607.6648163904431,435.83811673384304,-552.3947099576602
2025-03-20,0.44832347733213657,7.753945446014427,8.11284270816381,82.73396838242726,606.1009829635641,659.3304742131471,-523.3670145811368
2025-03-25,0.4424379794400805,8.39104010264083,8.606239785088462,134.09571327642925,681.6794382928706,1142.5169206435514,-547.5837250164413
2025-03-30,0.47910165225664636,7.723761018117301,6.434766811794731,304.0016029968147,830.7914260122013,2112.92194768657,-526.7898230153867
2025-04-04,0.5157653250732123,7.056481933593773,4.263293838500999,473.90749271720017,979.9034137315319,2549.8920004538763,-505.99592101433177
2025-04-09,0.5252142336319561,7.730549112955771,12.501811599731468,123.54418751033559,978.9172360815071,1308.74145756521,-855.3730485711715
2025-04-14,0.5579856175868739,10.30366962750756,12.227108150058342,240.06366750643272,1170.418120744894,2750.5853431221144,-930.3544532384612
2025-04-19,0.5907570015417918,12.876790142059349,11.952404700385216,356.58314750252987,1361.9190054082806,4393.874196406457,-1005.3358579057507
2025-04-24,0.6235283854967095,15.449910656611138,11.67770125071209,473.102627498627,1553.4198900716674,6238.608017418234,-1080.3172625730404
2025-04-29,0.6562997694516274,18.023031171162927,11.402997801038964,589.6221074947241,1744.9207747350542,8284.786806157448,-1155.2986672403301
2025-05-04,0.706281844701496,14.201093133290613,11.609727901882621,827.0823316090242,1728.7952748729904,10459.509781492805,-901.7129432639662
2025-05-09,0.7562639199513645,10.379155095418298,11.816458002726279,1064.5425557233243,1712.6697750109265,11967.094357701868,-648.1272192876022
2025-05-14,0.7522986229095471,11.488903163728269,12.909433225601479,1099.1373930642567,1765.3445972423838,13564.697697934009,-666.2072041781271
2025-05-19,0.7483333258677297,12.59865123203824,14.002408448476679,1133.732230405189,1818.019419473841,15238.38784135987,-684.287189068652
2025-05-24,0.7443680288259122,13.708399300348212,15.09538367135188,1168.3270677461214,1870.6942417052983,16988.164787979455,-702.3671739591769
2025-05-29,0.7404027317840949,14.818147368658181,16.18835889422708,1202.9219050870536,1923.3690639367555,18814.02853779276,-720.447158849702
2025-06-03,0.7364374347422774,15.927895436968154,17.281334117102283,1237.516742427986,1976.0438861682128,20715.97909079979,-738.5271437402268
2025-06-08,0.73247213770046,17.037643505278126,18.374309339977483,1272.1115797689183,2028.71870839967,22694.016447000537,-756.6071286307517
2025-06-13,0.7285068406586426,18.147391573588095,19.467284562852683,1306.7064171098507,2081.3935306311273,24748.140606395013,-774.6871135212766
2025-06-18,0.6759751566793902,19.302420287662112,20.393146345350505,913.8047033746136,2065.2296756907044,18236.66880634455,-1151.4249723160908
2025-06-23,0.6234434727001378,20.457449001736126,21.31900812784833,520.9029896393766,2049.065820750281,10925.619580125196,-1528.1628311109043
2025-06-28,0.5709117887208854,21.612477715810144,22.244869910346154,128.00127590413976,2032.9019658098582,2814.9929277369442,-1904.9006899057185
2025-07-03,0.5529104983206546,21.466253435611733,21.95133732689753,114.74454578293879,2015.944910895675,2496.5319385940434,-1901.2003651127363
2025-07-08,0.5349092079204238,21.320029155413323,21.657804743448906,101.48781566173783,1998.9878559814922,2184.2912527956173,-1897.5000403197544
2025-07-13,0.516907917520193,21.173804875214913,21.364272160000283,88.23108554053687,1982.030801067309,1878.270870341666,-1893.7997155267722
2025-07-18,0.4989066271199622,21.027580595016502,21.07073957655166,74.9743554193359,1965.0737461531262,1578.4707912321892,-1890.0993907337902
2025-07-23,0.4809053367197314,20.881356314818092,20.777206993103036,61.71762529813492,1948.116691238943,1284.891015467187,-1886.3990659408082
2025-07-28,0.46290404631950055,20.73513203461968,20.483674409654412,48.46089517693396,1931.15963632476,997.5315430466594,-1882.698741147826
2025-08-02,0.44490275591926975,20.58890775442127,20.19014182620579,35.204165055733,1914.202581410577,716.3923739706066,-1878.998416354844
2025-08-07,0.42690146551903896,20.44268347422286,19.896609242757165,21.947434934532023,1897.245526496394,441.47350823902804,-1875.2980915618618
2025-08-12,0.4456597235078833,22.61045163472494,24.138611094156943,0.4754304865061099,1898.857786142103,11.185618177974144,-1898.3823556555967
2025-08-17,0.41828393570806677,19.55537885030111,16.004656516181115,282.20007181892146,1088.7325283404732,4917.320857382568,-806.5324565215517
2025-08-22,0.4150159852723579,19.22690809037952,17.29306790387191,501.3479236998841,1080.497879961816,9057.654392916485,-579.1499562619317
2025-08-27,0.41174803483664907,18.898437330457927,18.581479291562705,720.4957755808468,1072.2632315831588,13479.224104838066,-351.767456002312
2025-09-01,0.4084800844009402,18.569966570536337,19.8698906792535,939.6436274618095,1064.0285832045015,18182.029993147313,-124.384955742692
2025-09-06,0.4431699120434327,17.544781462351523,17.72268437279598,1899.028871697802,1009.5991486815881,33520.752202609765,889.429723016214
2025-09-11,0.4778597396859252,16.51959635416671,15.575478066338462,2858.4141159337946,955.1697141586748,45600.63878365487,1903.24440177512
2025-09-16,0.4274093032691825,16.112829621632926,13.674751430087639,1723.8925620429661,942.1616306416599,25254.99622214816,781.7309314013062
2025-09-21,0.37695886685243973,15.706062889099144,11.774024793836816,589.3710081521376,929.153547124645,7866.240565270836,-339.7825389725074
2025-09-26,0.41232391977505367,10.060371653238974,8.14402796427413,460.0061190362738,618.3481002979748,4098.914626408757,-158.34198126170105
2025-10-01,0.430537600305785,9.786029473940573,8.014023611280692,463.844061213086,565.2505242332529,4046.031016845803,-101.40646302016694
2025-10-06,0.4487512808365163,9.511687294642172,7.884019258287253,467.6820033898981,512.152948168531,3991.706340718776,-44.470944778632884
2025-10-11,0.4669649613672476,9.237345115343771,7.754014905293815,471.5199455667103,459.05537210380913,3935.9405980276756,12.464573462901171
2025-10-16,0.4851786418979789,8.96300293604537,7.624010552300376,475.3578877435225,405.9577960390872,3878.7337887725016,69.40009170443528
2025-10-21,0.5033923224287102,8.68866075674697,7.494006199306938,479.1958299203347,352.8602199743653,3820.085912953254,126.3356099459694
2025-10-26,0.5216060029594415,8.414318577448569,7.364001846313499,483.0337720971469,299.76264390964343,3759.996970569933,183.27112818750345
2025-10-31,0.5398196834901727,8.139976398150168,7.233997493320061,486.871714273959,246.6650678449215,3698.4669616225387,240.2066464290375
2025-11-05,0.5580333640209041,7.865634218851767,7.103993140326622,490.7096564507712,193.5674917801996,3635.495886111071,297.1421646705716
2025-11-10,0.5556362944121158,7.894370787484344,6.578273179796026,455.6933848449514,183.65344749594044,3237.5703611895556,272.039937349011
2025-11-15,0.5532392248033277,7.923107356116922,6.05255321926543,420.6771132391316,173.73940321168126,2860.9303417860824,246.93771002745032
2025-11-20,0.5508421551945394,7.9518439247494985,5.526833258734833,385.6608416333118,163.8253589274221,2505.575827900652,221.83548270588972
2025-11-25,0.5484450855857511,7.980580493382076,5.0011132982042374,350.644570027492,153.91131464316294,2171.5068195332633,196.73325538432908
2025-11-30,0.5460480159769628,8.009317062014654,4.4753933376736414,315.62829842167224,143.9972703589038,1858.7233166839173,171.63102806276845
2025-12-05,0.5436509463681747,8.03805363064723,3.949673377143045,280.61202681585246,134.0832260746446,1567.2253193526137,146.52880074120785
2025-12-10,0.5412538767593864,8.066790199279808,3.4239534166124486,245.59575521003265,124.16918179038545,1297.012827539352,121.4265734196472
2025-12-15,0.5764778214897301,0.9532654444377044,2.6071894327799896,6.678092086643963,68.32754192873837,12.993028440046116,-61.649449842094405
